{
  "Id": "0supershotgun",
  "WeaponData": {
    "Name": "0supershotgun",
    "Damage": 0.59,
    "UseDelay": 0.2,
    "MaxHandRangeMultiplier": 0.1,
    "AdditionalComponents": null,
    "EnsureSystems": null,
    "ThrowableDamage": 20.0,
    "ThrowableHeavy": false,
    "ThrowableSharpBoxes": [],
    "WeaponType": "Firearm",
    "BulletsPerShot": 12,
    "RoundsPerMagazine": 12,
    "BurstFireCount": 0,
    "Accuracy": 0.79999995,
    "Recoil": 0.5,
    "RotationalRecoilIntensity": 1.2,
    "RecoilHandling": 0.5,
    "Automatic": true,
    "ShootSounds": [
      "base:sounds/firearms/shotgun_1.wav",
      "base:sounds/firearms/shotgun_2.wav",
      "base:sounds/firearms/shotgun_3.wav"
    ],
    "CanBulletsBeDeflected": false,
    "EjectionParticle": "None",
    "CasingSize": 1.0,
    "IsPumpAction": false,
    "Range": 500.0,
    "CanDeflectBullets": false,
    "SpecialMelee": false,
    "MeleeDamageType": "Blunt",
    "MeleeSize": "Large"
  },
  "BaseTexture": "base:textures/weapons/sawed_off_shotgun/base.png",
  "HoldForGrip": false,
  "HoldStockHandPose": true,
  "BarrelEndPoint": {
    "X": 171.82277,
    "Y": 43.113068
  },
  "CasingEjectionPoint": {
    "X": -26.324858,
    "Y": 47.715515
  },
  "HoldPoints": [
    {
      "X": 88.74256,
      "Y": -7.814739
    },
    {
      "X": 72.748985,
      "Y": 18.94056
    }
  ],
  "AnimatedParts": null,
  "OnFloorAngle": 0.0
}