{
  "Id": "adnimgun",
  "WeaponData": {
    "Name": "0admingun",
    "Damage": 3.0,
    "UseDelay": 0.05,
    "MaxHandRangeMultiplier": 0.1,
    "AdditionalComponents": null,
    "EnsureSystems": null,
    "ThrowableDamage": 3.0,
    "ThrowableHeavy": false,
    "ThrowableSharpBoxes": [],
    "WeaponType": "Firearm",
    "BulletsPerShot": 1,
    "RoundsPerMagazine": 120,
    "BurstFireCount": 0,
    "Accuracy": 1.0,
    "Recoil": 0.0,
    "RotationalRecoilIntensity": 0.0,
    "RecoilHandling": 0.0,
    "Automatic": true,
    "ShootSounds": [
      "base:sounds/firearms/muzi_1.wav"
    ],
    "CanBulletsBeDeflected": false,
    "EjectionParticle": "None",
    "CasingSize": 1.0,
    "IsPumpAction": false,
    "Range": 500.0,
    "CanDeflectBullets": true,
    "SpecialMelee": true,
    "MeleeDamageType": "Firearm",
    "MeleeSize": "Large"
  },
  "BaseTexture": "nopeparty.mobster:textures/weapons/0000admingun/automag.png",
  "HoldForGrip": false,
  "HoldStockHandPose": false,
  "BarrelEndPoint": {
    "X": 117.860245,
    "Y": 36.96312
  },
  "CasingEjectionPoint": {
    "X": -6.848133,
    "Y": 45.114975
  },
  "HoldPoints": [
    {
      "X": 53.49684,
      "Y": 13.228472
    }
  ],
  "AnimatedParts": null,
  "OnFloorAngle": 0.0
}